{"stats":{"minecraft:killed_by":{"minecraft:skeleton":1},"minecraft:killed":{"minecraft:skeleton":1,"minecraft:chicken":2,"minecraft:spider":2,"minecraft:cow":4},"minecraft:custom":{"minecraft:time_since_rest":4257,"minecraft:interact_with_furnace":6,"minecraft:sprint_one_cm":66301,"minecraft:damage_taken":420,"minecraft:walk_one_cm":23867,"minecraft:mob_kills":10,"minecraft:drop":4,"minecraft:damage_dealt":1166,"minecraft:swim_one_cm":1524,"minecraft:interact_with_crafting_table":3,"minecraft:fly_one_cm":101466,"minecraft:crouch_one_cm":85,"minecraft:play_time":14423,"minecraft:deaths":1,"minecraft:sneak_time":901,"minecraft:walk_under_water_one_cm":311,"minecraft:jump":167,"minecraft:leave_game":1,"minecraft:time_since_death":4223,"minecraft:walk_on_water_one_cm":52,"minecraft:total_world_time":14423,"minecraft:fall_one_cm":1676},"minecraft:picked_up":{"minecraft:stick":14,"minecraft:crafting_table":2,"minecraft:feather":3,"minecraft:chicken":2,"minecraft:leather":3,"minecraft:dandelion":1,"minecraft:wooden_pickaxe":1,"minecraft:oak_log":143,"minecraft:spider_eye":1,"minecraft:dirt":29,"minecraft:apple":2,"minecraft:stone_axe":1,"minecraft:beef":15,"minecraft:stone_pickaxe":1,"minecraft:cooked_chicken":1,"minecraft:poppy":1,"minecraft:oak_sapling":5,"minecraft:oak_planks":42,"minecraft:cobblestone":19,"minecraft:furnace":2},"minecraft:mined":{"minecraft:furnace":1,"minecraft:crafting_table":2,"minecraft:grass_block":3,"minecraft:oak_log":78,"minecraft:dirt":10,"minecraft:cobblestone":1,"minecraft:stone":16,"minecraft:oak_leaves":13},"minecraft:crafted":{"minecraft:cooked_beef":1,"minecraft:oak_planks":56,"minecraft:crafting_table":1,"minecraft:stick":8,"minecraft:cooked_chicken":2,"minecraft:wooden_pickaxe":1,"minecraft:stone_pickaxe":1,"minecraft:furnace":1,"minecraft:stone_axe":1,"minecraft:air":0},"minecraft:dropped":{"minecraft:feather":3,"minecraft:spider_eye":1,"minecraft:leather":1,"minecraft:wooden_pickaxe":1},"minecraft:used":{"minecraft:oak_log":1,"minecraft:apple":2,"minecraft:stone_pickaxe":1,"minecraft:poppy":1,"minecraft:wooden_pickaxe":30,"minecraft:cooked_chicken":1,"minecraft:stone_axe":83,"minecraft:dirt":11,"minecraft:cobblestone":1,"minecraft:crafting_table":2,"minecraft:furnace":1,"minecraft:oak_sapling":5,"minecraft:cooked_beef":1,"minecraft:dandelion":1}},"DataVersion":3953}