{"stats":{"minecraft:killed":{"minecraft:chicken":2,"minecraft:spider":2,"minecraft:cow":2},"minecraft:custom":{"minecraft:time_since_rest":9624,"minecraft:interact_with_furnace":6,"minecraft:sprint_one_cm":51230,"minecraft:damage_taken":150,"minecraft:walk_one_cm":20817,"minecraft:mob_kills":6,"minecraft:drop":3,"minecraft:damage_dealt":600,"minecraft:swim_one_cm":1524,"minecraft:interact_with_crafting_table":3,"minecraft:fly_one_cm":28369,"minecraft:crouch_one_cm":85,"minecraft:play_time":9624,"minecraft:sneak_time":405,"minecraft:walk_under_water_one_cm":311,"minecraft:jump":124,"minecraft:time_since_death":9624,"minecraft:walk_on_water_one_cm":52,"minecraft:total_world_time":9624,"minecraft:fall_one_cm":1049},"minecraft:picked_up":{"minecraft:stick":6,"minecraft:crafting_table":2,"minecraft:feather":3,"minecraft:chicken":2,"minecraft:leather":1,"minecraft:oak_log":78,"minecraft:spider_eye":1,"minecraft:dirt":13,"minecraft:apple":2,"minecraft:beef":3,"minecraft:oak_sapling":5,"minecraft:oak_planks":42,"minecraft:cobblestone":16,"minecraft:furnace":1},"minecraft:mined":{"minecraft:furnace":1,"minecraft:crafting_table":2,"minecraft:grass_block":3,"minecraft:oak_log":78,"minecraft:dirt":10,"minecraft:stone":16,"minecraft:oak_leaves":13},"minecraft:crafted":{"minecraft:cooked_beef":1,"minecraft:oak_planks":56,"minecraft:crafting_table":1,"minecraft:stick":8,"minecraft:cooked_chicken":2,"minecraft:wooden_pickaxe":1,"minecraft:stone_pickaxe":1,"minecraft:furnace":1,"minecraft:stone_axe":1,"minecraft:air":0},"minecraft:dropped":{"minecraft:feather":3,"minecraft:spider_eye":1,"minecraft:leather":1},"minecraft:used":{"minecraft:apple":2,"minecraft:stone_pickaxe":1,"minecraft:wooden_pickaxe":29,"minecraft:cooked_chicken":1,"minecraft:stone_axe":77,"minecraft:dirt":5,"minecraft:crafting_table":2,"minecraft:furnace":1,"minecraft:oak_sapling":5,"minecraft:cooked_beef":1}},"DataVersion":3953}