{"stats":{"minecraft:custom":{"minecraft:jump":41,"minecraft:time_since_rest":496,"minecraft:leave_game":1,"minecraft:damage_dealt":90,"minecraft:crouch_one_cm":28,"minecraft:deaths":1,"minecraft:sprint_one_cm":2420,"minecraft:play_time":1503,"minecraft:damage_taken":260,"minecraft:time_since_death":466,"minecraft:walk_one_cm":3348,"minecraft:sneak_time":26,"minecraft:total_world_time":1503,"minecraft:mob_kills":1,"minecraft:fall_one_cm":2332,"minecraft:fly_one_cm":3438},"minecraft:mined":{"minecraft:birch_leaves":1,"minecraft:oak_leaves":1},"minecraft:killed":{"minecraft:wolf":1},"minecraft:killed_by":{"minecraft:wolf":1}},"DataVersion":3953}