{"stats":{"minecraft:killed_by":{"minecraft:zombie":1},"minecraft:custom":{"minecraft:time_since_rest":3027,"minecraft:deaths":1,"minecraft:sprint_one_cm":48,"minecraft:play_time":4518,"minecraft:damage_taken":280,"minecraft:walk_one_cm":11109,"minecraft:sneak_time":370,"minecraft:walk_under_water_one_cm":1731,"minecraft:mob_kills":1,"minecraft:jump":26,"minecraft:damage_dealt":129,"minecraft:leave_game":1,"minecraft:time_since_death":2949,"minecraft:walk_on_water_one_cm":605,"minecraft:total_world_time":4518,"minecraft:fall_one_cm":580,"minecraft:fly_one_cm":48867},"minecraft:picked_up":{"minecraft:oak_log":6,"minecraft:black_wool":1,"minecraft:mutton":3,"minecraft:white_wool":2,"minecraft:egg":1},"minecraft:crafted":{"minecraft:oak_planks":24,"minecraft:crafting_table":1},"minecraft:mined":{"minecraft:short_grass":1,"minecraft:oak_log":6}},"DataVersion":3953}