{"stats":{"minecraft:killed":{"minecraft:zombie":4,"minecraft:chicken":1,"minecraft:spider":2,"minecraft:drowned":1,"minecraft:tropical_fish":6},"minecraft:custom":{"minecraft:time_since_rest":21614,"minecraft:interact_with_furnace":13,"minecraft:sprint_one_cm":38604,"minecraft:damage_taken":340,"minecraft:walk_one_cm":33611,"minecraft:mob_kills":14,"minecraft:drop":3,"minecraft:damage_dealt":1627,"minecraft:swim_one_cm":47492,"minecraft:interact_with_crafting_table":5,"minecraft:fly_one_cm":50148,"minecraft:crouch_one_cm":3671,"minecraft:play_time":21614,"minecraft:sneak_time":970,"minecraft:walk_under_water_one_cm":23751,"minecraft:jump":275,"minecraft:leave_game":1,"minecraft:time_since_death":21614,"minecraft:walk_on_water_one_cm":19877,"minecraft:total_world_time":21614,"minecraft:fish_caught":1,"minecraft:fall_one_cm":6655},"minecraft:picked_up":{"minecraft:stick":1,"minecraft:crafting_table":2,"minecraft:feather":1,"minecraft:chicken":1,"minecraft:salmon":1,"minecraft:sand":1,"minecraft:oak_log":10,"minecraft:diorite":1,"minecraft:spider_eye":1,"minecraft:string":2,"minecraft:dirt":2,"minecraft:rotten_flesh":4,"minecraft:tropical_fish":6,"minecraft:kelp":8,"minecraft:wheat_seeds":1,"minecraft:oak_sapling":3,"minecraft:coal":2,"minecraft:cobblestone":46,"minecraft:furnace":1},"minecraft:mined":{"minecraft:furnace":1,"minecraft:kelp_plant":1,"minecraft:crafting_table":2,"minecraft:short_grass":1,"minecraft:coal_ore":2,"minecraft:grass_block":2,"minecraft:oak_log":10,"minecraft:sand":1,"minecraft:cobblestone":4,"minecraft:stone":42,"minecraft:diorite":1,"minecraft:oak_leaves":13},"minecraft:crafted":{"minecraft:oak_planks":28,"minecraft:fishing_rod":1,"minecraft:crafting_table":1,"minecraft:stick":12,"minecraft:dried_kelp":7,"minecraft:wooden_pickaxe":1,"minecraft:cooked_chicken":1,"minecraft:stone_pickaxe":1,"minecraft:stone_sword":1,"minecraft:furnace":1,"minecraft:torch":8,"minecraft:stone_axe":1,"minecraft:air":0},"minecraft:dropped":{"minecraft:oak_sapling":2,"minecraft:rotten_flesh":1},"minecraft:used":{"minecraft:oak_log":1,"minecraft:diorite":1,"minecraft:stone_sword":21,"minecraft:tropical_fish":6,"minecraft:stone_pickaxe":38,"minecraft:dried_kelp":7,"minecraft:wooden_pickaxe":12,"minecraft:cooked_chicken":1,"minecraft:rotten_flesh":3,"minecraft:stone_axe":18,"minecraft:fishing_rod":3,"minecraft:sand":1,"minecraft:dirt":2,"minecraft:cobblestone":12,"minecraft:crafting_table":3,"minecraft:furnace":2}},"DataVersion":3953}