{"stats":{"minecraft:killed":{"minecraft:zombie":1,"minecraft:chicken":1},"minecraft:custom":{"minecraft:time_since_rest":9640,"minecraft:sprint_one_cm":24215,"minecraft:damage_taken":180,"minecraft:walk_one_cm":18858,"minecraft:mob_kills":2,"minecraft:drop":2,"minecraft:damage_dealt":338,"minecraft:swim_one_cm":13921,"minecraft:interact_with_crafting_table":3,"minecraft:fly_one_cm":25528,"minecraft:crouch_one_cm":3671,"minecraft:play_time":9640,"minecraft:sneak_time":746,"minecraft:walk_under_water_one_cm":11722,"minecraft:jump":132,"minecraft:walk_on_water_one_cm":8433,"minecraft:time_since_death":9640,"minecraft:total_world_time":9640,"minecraft:fall_one_cm":3671},"minecraft:picked_up":{"minecraft:stick":1,"minecraft:crafting_table":1,"minecraft:feather":1,"minecraft:chicken":1,"minecraft:oak_log":6,"minecraft:dirt":2,"minecraft:rotten_flesh":1,"minecraft:kelp":8,"minecraft:wheat_seeds":1,"minecraft:oak_sapling":3,"minecraft:cobblestone":42},"minecraft:mined":{"minecraft:kelp_plant":1,"minecraft:crafting_table":1,"minecraft:short_grass":1,"minecraft:grass_block":2,"minecraft:oak_log":6,"minecraft:stone":42,"minecraft:oak_leaves":9},"minecraft:crafted":{"minecraft:oak_planks":20,"minecraft:crafting_table":1,"minecraft:stick":8,"minecraft:wooden_pickaxe":1,"minecraft:stone_pickaxe":1,"minecraft:stone_sword":1,"minecraft:stone_axe":1},"minecraft:dropped":{"minecraft:oak_sapling":2},"minecraft:used":{"minecraft:oak_log":1,"minecraft:stone_sword":6,"minecraft:stone_pickaxe":30,"minecraft:wooden_pickaxe":12,"minecraft:rotten_flesh":1,"minecraft:stone_axe":1,"minecraft:dirt":2,"minecraft:cobblestone":9,"minecraft:crafting_table":1}},"DataVersion":3953}